,value,percentage,datetime,tipo,comunidad,id_comunidad,fecha
0,202972.89,1.0,2011-01-01T00:00:00.000+01:00,No renovable,Ceuta,8744,2011-01-01
0,3589.08,0.02,2011-01-01T00:00:00.000+01:00,Renovable,Melilla,8745,2011-01-01
0,211290.04,0.98,2011-01-01T00:00:00.000+01:00,No renovable,Melilla,8745,2011-01-01
0,10996921.24,0.28,2011-01-01T00:00:00.000+01:00,Renovable,Andalucía,4,2011-01-01
0,27608105.11,0.72,2011-01-01T00:00:00.000+01:00,No renovable,Andalucía,4,2011-01-01
0,7005216.35,0.39,2011-01-01T00:00:00.000+01:00,Renovable,Aragón,5,2011-01-01
0,11119680.66,0.61,2011-01-01T00:00:00.000+01:00,No renovable,Aragón,5,2011-01-01
0,338515.68,0.17,2011-01-01T00:00:00.000+01:00,Renovable,Cantabria,6,2011-01-01
0,1652228.46,0.83,2011-01-01T00:00:00.000+01:00,No renovable,Cantabria,6,2011-01-01
0,9874557.14,0.41,2011-01-01T00:00:00.000+01:00,Renovable,Castilla - La Mancha,7,2011-01-01
0,14156252.53,0.59,2011-01-01T00:00:00.000+01:00,No renovable,Castilla - La Mancha,7,2011-01-01
0,18924716.34,0.54,2011-01-01T00:00:00.000+01:00,Renovable,Castilla y León,8,2011-01-01
0,16168527.16,0.46,2011-01-01T00:00:00.000+01:00,No renovable,Castilla y León,8,2011-01-01
0,6381741.74,0.15,2011-01-01T00:00:00.000+01:00,Renovable,Cataluña,9,2011-01-01
0,35673357.63,0.85,2011-01-01T00:00:00.000+01:00,No renovable,Cataluña,9,2011-01-01
0,1178491.07,0.16,2011-01-01T00:00:00.000+01:00,Renovable,País Vasco,10,2011-01-01
0,6043174.05,0.84,2011-01-01T00:00:00.000+01:00,No renovable,País Vasco,10,2011-01-01
0,2457664.89,0.2,2011-01-01T00:00:00.000+01:00,Renovable,Principado de Asturias,11,2011-01-01
0,9835927.86,0.8,2011-01-01T00:00:00.000+01:00,No renovable,Principado de Asturias,11,2011-01-01
0,544011.54,0.31,2011-01-01T00:00:00.000+01:00,Renovable,Comunidad de Madrid,13,2011-01-01
0,1204266.15,0.69,2011-01-01T00:00:00.000+01:00,No renovable,Comunidad de Madrid,13,2011-01-01
0,3440542.26,0.63,2011-01-01T00:00:00.000+01:00,Renovable,Comunidad Foral de Navarra,14,2011-01-01
0,2024024.59,0.37,2011-01-01T00:00:00.000+01:00,No renovable,Comunidad Foral de Navarra,14,2011-01-01
0,2893052.85,0.14,2011-01-01T00:00:00.000+01:00,Renovable,Comunitat Valenciana,15,2011-01-01
0,17187547.67,0.86,2011-01-01T00:00:00.000+01:00,No renovable,Comunitat Valenciana,15,2011-01-01
0,5371959.68,0.26,2011-01-01T00:00:00.000+01:00,Renovable,Extremadura,16,2011-01-01
0,15327003.43,0.74,2011-01-01T00:00:00.000+01:00,No renovable,Extremadura,16,2011-01-01
0,14087592.04,0.53,2011-01-01T00:00:00.000+01:00,Renovable,Galicia,17,2011-01-01
0,12418521.89,0.47,2011-01-01T00:00:00.000+01:00,No renovable,Galicia,17,2011-01-01
0,231396.66,0.04,2011-01-01T00:00:00.000+01:00,Renovable,Illes Balears,8743,2011-01-01
0,5507927.03,0.96,2011-01-01T00:00:00.000+01:00,No renovable,Illes Balears,8743,2011-01-01
0,599147.67,0.07,2011-01-01T00:00:00.000+01:00,Renovable,Canarias,8742,2011-01-01
0,8263835.26,0.93,2011-01-01T00:00:00.000+01:00,No renovable,Canarias,8742,2011-01-01
0,1103809.13,0.14,2011-01-01T00:00:00.000+01:00,Renovable,Región de Murcia,21,2011-01-01
0,6948590.11,0.86,2011-01-01T00:00:00.000+01:00,No renovable,Región de Murcia,21,2011-01-01
0,1234127.52,0.52,2011-01-01T00:00:00.000+01:00,Renovable,La Rioja,20,2011-01-01
0,1133536.77,0.48,2011-01-01T00:00:00.000+01:00,No renovable,La Rioja,20,2011-01-01
0,212071.91,1.0,2012-01-01T00:00:00.000+01:00,No renovable,Ceuta,8744,2012-01-01
0,1237.59,0.01,2012-01-01T00:00:00.000+01:00,Renovable,Melilla,8745,2012-01-01
0,216094.9,0.99,2012-01-01T00:00:00.000+01:00,No renovable,Melilla,8745,2012-01-01
0,11289648.92,0.3,2012-01-01T00:00:00.000+01:00,Renovable,Andalucía,4,2012-01-01
0,26730085.32,0.7,2012-01-01T00:00:00.000+01:00,No renovable,Andalucía,4,2012-01-01
0,7236334.23,0.43,2012-01-01T00:00:00.000+01:00,Renovable,Aragón,5,2012-01-01
0,9540456.36,0.57,2012-01-01T00:00:00.000+01:00,No renovable,Aragón,5,2012-01-01
0,378304.74,0.14,2012-01-01T00:00:00.000+01:00,Renovable,Cantabria,6,2012-01-01
0,2244723.34,0.86,2012-01-01T00:00:00.000+01:00,No renovable,Cantabria,6,2012-01-01
0,11124127.21,0.45,2012-01-01T00:00:00.000+01:00,Renovable,Castilla - La Mancha,7,2012-01-01
0,13699969.14,0.55,2012-01-01T00:00:00.000+01:00,No renovable,Castilla - La Mancha,7,2012-01-01
0,17363576.61,0.49,2012-01-01T00:00:00.000+01:00,Renovable,Castilla y León,8,2012-01-01
0,18071289.22,0.51,2012-01-01T00:00:00.000+01:00,No renovable,Castilla y León,8,2012-01-01
0,6726887.81,0.15,2012-01-01T00:00:00.000+01:00,Renovable,Cataluña,9,2012-01-01
0,37281536.58,0.85,2012-01-01T00:00:00.000+01:00,No renovable,Cataluña,9,2012-01-01
0,1103429.91,0.13,2012-01-01T00:00:00.000+01:00,Renovable,País Vasco,10,2012-01-01
0,7416270.01,0.87,2012-01-01T00:00:00.000+01:00,No renovable,País Vasco,10,2012-01-01
0,2641292.85,0.18,2012-01-01T00:00:00.000+01:00,Renovable,Principado de Asturias,11,2012-01-01
0,11684803.85,0.82,2012-01-01T00:00:00.000+01:00,No renovable,Principado de Asturias,11,2012-01-01
0,377641.3,0.23,2012-01-01T00:00:00.000+01:00,Renovable,Comunidad de Madrid,13,2012-01-01
0,1291617.33,0.77,2012-01-01T00:00:00.000+01:00,No renovable,Comunidad de Madrid,13,2012-01-01
0,3606773.98,0.67,2012-01-01T00:00:00.000+01:00,Renovable,Comunidad Foral de Navarra,14,2012-01-01
0,1786432.11,0.33,2012-01-01T00:00:00.000+01:00,No renovable,Comunidad Foral de Navarra,14,2012-01-01
0,3455307.71,0.17,2012-01-01T00:00:00.000+01:00,Renovable,Comunitat Valenciana,15,2012-01-01
0,16710581.15,0.83,2012-01-01T00:00:00.000+01:00,No renovable,Comunitat Valenciana,15,2012-01-01
0,3390635.42,0.18,2012-01-01T00:00:00.000+01:00,Renovable,Extremadura,16,2012-01-01
0,15088808.16,0.82,2012-01-01T00:00:00.000+01:00,No renovable,Extremadura,16,2012-01-01
0,13125876.16,0.45,2012-01-01T00:00:00.000+01:00,Renovable,Galicia,17,2012-01-01
0,16064236.27,0.55,2012-01-01T00:00:00.000+01:00,No renovable,Galicia,17,2012-01-01
0,245457.33,0.05,2012-01-01T00:00:00.000+01:00,Renovable,Illes Balears,8743,2012-01-01
0,5000379.77,0.95,2012-01-01T00:00:00.000+01:00,No renovable,Illes Balears,8743,2012-01-01
0,628100.26,0.07,2012-01-01T00:00:00.000+01:00,Renovable,Canarias,8742,2012-01-01
0,8260484.54,0.93,2012-01-01T00:00:00.000+01:00,No renovable,Canarias,8742,2012-01-01
0,1359789.63,0.21,2012-01-01T00:00:00.000+01:00,Renovable,Región de Murcia,21,2012-01-01
0,5017624.55,0.79,2012-01-01T00:00:00.000+01:00,No renovable,Región de Murcia,21,2012-01-01
0,1284301.14,0.47,2012-01-01T00:00:00.000+01:00,Renovable,La Rioja,20,2012-01-01
0,1462456.43,0.53,2012-01-01T00:00:00.000+01:00,No renovable,La Rioja,20,2012-01-01
0,201964.94,1.0,2013-01-01T00:00:00.000+01:00,No renovable,Ceuta,8744,2013-01-01
0,4101.22,0.02,2013-01-01T00:00:00.000+01:00,Renovable,Melilla,8745,2013-01-01
0,205569.58,0.98,2013-01-01T00:00:00.000+01:00,No renovable,Melilla,8745,2013-01-01
0,13638179.66,0.39,2013-01-01T00:00:00.000+01:00,Renovable,Andalucía,4,2013-01-01
0,20983004.35,0.61,2013-01-01T00:00:00.000+01:00,No renovable,Andalucía,4,2013-01-01
0,9624363.91,0.57,2013-01-01T00:00:00.000+01:00,Renovable,Aragón,5,2013-01-01
0,7250705.52,0.43,2013-01-01T00:00:00.000+01:00,No renovable,Aragón,5,2013-01-01
0,501549.64,0.22,2013-01-01T00:00:00.000+01:00,Renovable,Cantabria,6,2013-01-01
0,1757562.43,0.78,2013-01-01T00:00:00.000+01:00,No renovable,Cantabria,6,2013-01-01
0,12184528.13,0.53,2013-01-01T00:00:00.000+01:00,Renovable,Castilla - La Mancha,7,2013-01-01
0,10601576.18,0.47,2013-01-01T00:00:00.000+01:00,No renovable,Castilla - La Mancha,7,2013-01-01
0,22068493.57,0.71,2013-01-01T00:00:00.000+01:00,Renovable,Castilla y León,8,2013-01-01
0,9125179.81,0.29,2013-01-01T00:00:00.000+01:00,No renovable,Castilla y León,8,2013-01-01
0,9488285.5,0.21,2013-01-01T00:00:00.000+01:00,Renovable,Cataluña,9,2013-01-01
0,35541044.49,0.79,2013-01-01T00:00:00.000+01:00,No renovable,Cataluña,9,2013-01-01
0,1212596.18,0.19,2013-01-01T00:00:00.000+01:00,Renovable,País Vasco,10,2013-01-01
0,5234639.29,0.81,2013-01-01T00:00:00.000+01:00,No renovable,País Vasco,10,2013-01-01
0,3862952.97,0.28,2013-01-01T00:00:00.000+01:00,Renovable,Principado de Asturias,11,2013-01-01
0,9745449.54,0.72,2013-01-01T00:00:00.000+01:00,No renovable,Principado de Asturias,11,2013-01-01
0,530522.32,0.33,2013-01-01T00:00:00.000+01:00,Renovable,Comunidad de Madrid,13,2013-01-01
0,1099832.23,0.67,2013-01-01T00:00:00.000+01:00,No renovable,Comunidad de Madrid,13,2013-01-01
0,3881292.48,0.74,2013-01-01T00:00:00.000+01:00,Renovable,Comunidad Foral de Navarra,14,2013-01-01
0,1335077.33,0.26,2013-01-01T00:00:00.000+01:00,No renovable,Comunidad Foral de Navarra,14,2013-01-01
0,3618235.89,0.19,2013-01-01T00:00:00.000+01:00,Renovable,Comunitat Valenciana,15,2013-01-01
0,15105555.46,0.81,2013-01-01T00:00:00.000+01:00,No renovable,Comunitat Valenciana,15,2013-01-01
0,5709589.65,0.27,2013-01-01T00:00:00.000+01:00,Renovable,Extremadura,16,2013-01-01
0,15168038.04,0.73,2013-01-01T00:00:00.000+01:00,No renovable,Extremadura,16,2013-01-01
0,19572489.52,0.6,2013-01-01T00:00:00.000+01:00,Renovable,Galicia,17,2013-01-01
0,13259849.31,0.4,2013-01-01T00:00:00.000+01:00,No renovable,Galicia,17,2013-01-01
0,241844.61,0.05,2013-01-01T00:00:00.000+01:00,Renovable,Illes Balears,8743,2013-01-01
0,4156519.37,0.95,2013-01-01T00:00:00.000+01:00,No renovable,Illes Balears,8743,2013-01-01
0,660970.67,0.08,2013-01-01T00:00:00.000+01:00,Renovable,Canarias,8742,2013-01-01
0,7938529.89,0.92,2013-01-01T00:00:00.000+01:00,No renovable,Canarias,8742,2013-01-01
0,1556672.78,0.27,2013-01-01T00:00:00.000+01:00,Renovable,Región de Murcia,21,2013-01-01
0,4287773.29,0.73,2013-01-01T00:00:00.000+01:00,No renovable,Región de Murcia,21,2013-01-01
0,1400988.93,0.73,2013-01-01T00:00:00.000+01:00,Renovable,La Rioja,20,2013-01-01
0,530714.23,0.27,2013-01-01T00:00:00.000+01:00,No renovable,La Rioja,20,2013-01-01
0,212245.16,1.0,2014-01-01T00:00:00.000+01:00,No renovable,Ceuta,8744,2014-01-01
0,4532.99,0.02,2014-01-01T00:00:00.000+01:00,Renovable,Melilla,8745,2014-01-01
0,205265.92,0.98,2014-01-01T00:00:00.000+01:00,No renovable,Melilla,8745,2014-01-01
0,12567982.08,0.39,2014-01-01T00:00:00.000+01:00,Renovable,Andalucía,4,2014-01-01
0,19370869.84,0.61,2014-01-01T00:00:00.000+01:00,No renovable,Andalucía,4,2014-01-01
0,8859638.07,0.53,2014-01-01T00:00:00.000+01:00,Renovable,Aragón,5,2014-01-01
0,7815562.04,0.47,2014-01-01T00:00:00.000+01:00,No renovable,Aragón,5,2014-01-01
0,421855.28,0.23,2014-01-01T00:00:00.000+01:00,Renovable,Cantabria,6,2014-01-01
0,1438704.54,0.77,2014-01-01T00:00:00.000+01:00,No renovable,Cantabria,6,2014-01-01
0,12048386.88,0.54,2014-01-01T00:00:00.000+01:00,Renovable,Castilla - La Mancha,7,2014-01-01
0,10458542.09,0.46,2014-01-01T00:00:00.000+01:00,No renovable,Castilla - La Mancha,7,2014-01-01
0,24100599.89,0.7,2014-01-01T00:00:00.000+01:00,Renovable,Castilla y León,8,2014-01-01
0,10140601.38,0.3,2014-01-01T00:00:00.000+01:00,No renovable,Castilla y León,8,2014-01-01
0,8845303.02,0.21,2014-01-01T00:00:00.000+01:00,Renovable,Cataluña,9,2014-01-01
0,32688130.74,0.79,2014-01-01T00:00:00.000+01:00,No renovable,Cataluña,9,2014-01-01
0,1060240.77,0.17,2014-01-01T00:00:00.000+01:00,Renovable,País Vasco,10,2014-01-01
0,5127937.01,0.83,2014-01-01T00:00:00.000+01:00,No renovable,País Vasco,10,2014-01-01
0,3534284.17,0.27,2014-01-01T00:00:00.000+01:00,Renovable,Principado de Asturias,11,2014-01-01
0,9667000.41,0.73,2014-01-01T00:00:00.000+01:00,No renovable,Principado de Asturias,11,2014-01-01
0,532919.52,0.41,2014-01-01T00:00:00.000+01:00,Renovable,Comunidad de Madrid,13,2014-01-01
0,768938.67,0.59,2014-01-01T00:00:00.000+01:00,No renovable,Comunidad de Madrid,13,2014-01-01
0,3552596.12,0.77,2014-01-01T00:00:00.000+01:00,Renovable,Comunidad Foral de Navarra,14,2014-01-01
0,1070561.64,0.23,2014-01-01T00:00:00.000+01:00,No renovable,Comunidad Foral de Navarra,14,2014-01-01
0,3804298.04,0.19,2014-01-01T00:00:00.000+01:00,Renovable,Comunitat Valenciana,15,2014-01-01
0,16069258.66,0.81,2014-01-01T00:00:00.000+01:00,No renovable,Comunitat Valenciana,15,2014-01-01
0,6245746.42,0.29,2014-01-01T00:00:00.000+01:00,Renovable,Extremadura,16,2014-01-01
0,15257623.44,0.71,2014-01-01T00:00:00.000+01:00,No renovable,Extremadura,16,2014-01-01
0,18586736.87,0.6,2014-01-01T00:00:00.000+01:00,Renovable,Galicia,17,2014-01-01
0,12442446.89,0.4,2014-01-01T00:00:00.000+01:00,No renovable,Galicia,17,2014-01-01
0,258635.26,0.06,2014-01-01T00:00:00.000+01:00,Renovable,Illes Balears,8743,2014-01-01
0,4020583.3,0.94,2014-01-01T00:00:00.000+01:00,No renovable,Illes Balears,8743,2014-01-01
0,684971.41,0.08,2014-01-01T00:00:00.000+01:00,Renovable,Canarias,8742,2014-01-01
0,7860910.54,0.92,2014-01-01T00:00:00.000+01:00,No renovable,Canarias,8742,2014-01-01
0,1515185.56,0.28,2014-01-01T00:00:00.000+01:00,Renovable,Región de Murcia,21,2014-01-01
0,3815091.21,0.72,2014-01-01T00:00:00.000+01:00,No renovable,Región de Murcia,21,2014-01-01
0,1252221.34,0.86,2014-01-01T00:00:00.000+01:00,Renovable,La Rioja,20,2014-01-01
0,205341.32,0.14,2014-01-01T00:00:00.000+01:00,No renovable,La Rioja,20,2014-01-01
0,204023.09,1.0,2015-01-01T00:00:00.000+01:00,No renovable,Ceuta,8744,2015-01-01
0,4376.46,0.02,2015-01-01T00:00:00.000+01:00,Renovable,Melilla,8745,2015-01-01
0,208825.1,0.98,2015-01-01T00:00:00.000+01:00,No renovable,Melilla,8745,2015-01-01
0,12069474.19,0.34,2015-01-01T00:00:00.000+01:00,Renovable,Andalucía,4,2015-01-01
0,23669250.68,0.66,2015-01-01T00:00:00.000+01:00,No renovable,Andalucía,4,2015-01-01
0,7905377.81,0.51,2015-01-01T00:00:00.000+01:00,Renovable,Aragón,5,2015-01-01
0,7687565.8,0.49,2015-01-01T00:00:00.000+01:00,No renovable,Aragón,5,2015-01-01
0,476015.61,0.28,2015-01-01T00:00:00.000+01:00,Renovable,Cantabria,6,2015-01-01
0,1226818.2,0.72,2015-01-01T00:00:00.000+01:00,No renovable,Cantabria,6,2015-01-01
0,10698203.48,0.5,2015-01-01T00:00:00.000+01:00,Renovable,Castilla - La Mancha,7,2015-01-01
0,10888549.83,0.5,2015-01-01T00:00:00.000+01:00,No renovable,Castilla - La Mancha,7,2015-01-01
0,19984012.12,0.64,2015-01-01T00:00:00.000+01:00,Renovable,Castilla y León,8,2015-01-01
0,11464066.74,0.36,2015-01-01T00:00:00.000+01:00,No renovable,Castilla y León,8,2015-01-01
0,7809907.47,0.18,2015-01-01T00:00:00.000+01:00,Renovable,Cataluña,9,2015-01-01
0,35204603.26,0.82,2015-01-01T00:00:00.000+01:00,No renovable,Cataluña,9,2015-01-01
0,1049708.17,0.18,2015-01-01T00:00:00.000+01:00,Renovable,País Vasco,10,2015-01-01
0,4915122.79,0.82,2015-01-01T00:00:00.000+01:00,No renovable,País Vasco,10,2015-01-01
0,2887908.96,0.17,2015-01-01T00:00:00.000+01:00,Renovable,Principado de Asturias,11,2015-01-01
0,13922143.05,0.83,2015-01-01T00:00:00.000+01:00,No renovable,Principado de Asturias,11,2015-01-01
0,445035.93,0.37,2015-01-01T00:00:00.000+01:00,Renovable,Comunidad de Madrid,13,2015-01-01
0,756891.83,0.63,2015-01-01T00:00:00.000+01:00,No renovable,Comunidad de Madrid,13,2015-01-01
0,3638098.59,0.71,2015-01-01T00:00:00.000+01:00,Renovable,Comunidad Foral de Navarra,14,2015-01-01
0,1475686.54,0.29,2015-01-01T00:00:00.000+01:00,No renovable,Comunidad Foral de Navarra,14,2015-01-01
0,3454711.55,0.19,2015-01-01T00:00:00.000+01:00,Renovable,Comunitat Valenciana,15,2015-01-01
0,15172845.68,0.81,2015-01-01T00:00:00.000+01:00,No renovable,Comunitat Valenciana,15,2015-01-01
0,4958687.73,0.24,2015-01-01T00:00:00.000+01:00,Renovable,Extremadura,16,2015-01-01
0,16126780.24,0.76,2015-01-01T00:00:00.000+01:00,No renovable,Extremadura,16,2015-01-01
0,15138874.37,0.52,2015-01-01T00:00:00.000+01:00,Renovable,Galicia,17,2015-01-01
0,14210963.56,0.48,2015-01-01T00:00:00.000+01:00,No renovable,Galicia,17,2015-01-01
0,281007.31,0.06,2015-01-01T00:00:00.000+01:00,Renovable,Illes Balears,8743,2015-01-01
0,4171169.29,0.94,2015-01-01T00:00:00.000+01:00,No renovable,Illes Balears,8743,2015-01-01
0,692063.19,0.08,2015-01-01T00:00:00.000+01:00,Renovable,Canarias,8742,2015-01-01
0,7941150.15,0.92,2015-01-01T00:00:00.000+01:00,No renovable,Canarias,8742,2015-01-01
0,1376129.4,0.28,2015-01-01T00:00:00.000+01:00,Renovable,Región de Murcia,21,2015-01-01
0,3467219.49,0.72,2015-01-01T00:00:00.000+01:00,No renovable,Región de Murcia,21,2015-01-01
0,1218520.61,0.65,2015-01-01T00:00:00.000+01:00,Renovable,La Rioja,20,2015-01-01
0,652060.87,0.35,2015-01-01T00:00:00.000+01:00,No renovable,La Rioja,20,2015-01-01
0,210680.94,1.0,2016-01-01T00:00:00.000+01:00,No renovable,Ceuta,8744,2016-01-01
0,4930.15,0.02,2016-01-01T00:00:00.000+01:00,Renovable,Melilla,8745,2016-01-01
0,203355.84,0.98,2016-01-01T00:00:00.000+01:00,No renovable,Melilla,8745,2016-01-01
0,12837729.87,0.39,2016-01-01T00:00:00.000+01:00,Renovable,Andalucía,4,2016-01-01
0,19962659.41,0.61,2016-01-01T00:00:00.000+01:00,No renovable,Andalucía,4,2016-01-01
0,7812691.43,0.54,2016-01-01T00:00:00.000+01:00,Renovable,Aragón,5,2016-01-01
0,6593280.76,0.46,2016-01-01T00:00:00.000+01:00,No renovable,Aragón,5,2016-01-01
0,443307.84,0.25,2016-01-01T00:00:00.000+01:00,Renovable,Cantabria,6,2016-01-01
0,1298466.77,0.75,2016-01-01T00:00:00.000+01:00,No renovable,Cantabria,6,2016-01-01
0,10997529.03,0.52,2016-01-01T00:00:00.000+01:00,Renovable,Castilla - La Mancha,7,2016-01-01
0,10282714.12,0.48,2016-01-01T00:00:00.000+01:00,No renovable,Castilla - La Mancha,7,2016-01-01
0,23527716.16,0.73,2016-01-01T00:00:00.000+01:00,Renovable,Castilla y León,8,2016-01-01
0,8688577.84,0.27,2016-01-01T00:00:00.000+01:00,No renovable,Castilla y León,8,2016-01-01
0,7414900.52,0.17,2016-01-01T00:00:00.000+01:00,Renovable,Cataluña,9,2016-01-01
0,35701867.52,0.83,2016-01-01T00:00:00.000+01:00,No renovable,Cataluña,9,2016-01-01
0,1014135.63,0.19,2016-01-01T00:00:00.000+01:00,Renovable,País Vasco,10,2016-01-01
0,4411780.35,0.81,2016-01-01T00:00:00.000+01:00,No renovable,País Vasco,10,2016-01-01
0,3103755.61,0.26,2016-01-01T00:00:00.000+01:00,Renovable,Principado de Asturias,11,2016-01-01
0,9009173.72,0.74,2016-01-01T00:00:00.000+01:00,No renovable,Principado de Asturias,11,2016-01-01
0,448336.3,0.37,2016-01-01T00:00:00.000+01:00,Renovable,Comunidad de Madrid,13,2016-01-01
0,777050.54,0.63,2016-01-01T00:00:00.000+01:00,No renovable,Comunidad de Madrid,13,2016-01-01
0,3501041.91,0.62,2016-01-01T00:00:00.000+01:00,Renovable,Comunidad Foral de Navarra,14,2016-01-01
0,2130566.65,0.38,2016-01-01T00:00:00.000+01:00,No renovable,Comunidad Foral de Navarra,14,2016-01-01
0,3437041.98,0.17,2016-01-01T00:00:00.000+01:00,Renovable,Comunitat Valenciana,15,2016-01-01
0,17180023.18,0.83,2016-01-01T00:00:00.000+01:00,No renovable,Comunitat Valenciana,15,2016-01-01
0,5747225.59,0.27,2016-01-01T00:00:00.000+01:00,Renovable,Extremadura,16,2016-01-01
0,15254878.55,0.73,2016-01-01T00:00:00.000+01:00,No renovable,Extremadura,16,2016-01-01
0,17208159.31,0.57,2016-01-01T00:00:00.000+01:00,Renovable,Galicia,17,2016-01-01
0,13095238.76,0.43,2016-01-01T00:00:00.000+01:00,No renovable,Galicia,17,2016-01-01
0,258038.37,0.06,2016-01-01T00:00:00.000+01:00,Renovable,Illes Balears,8743,2016-01-01
0,4314568.35,0.94,2016-01-01T00:00:00.000+01:00,No renovable,Illes Balears,8743,2016-01-01
0,701423.6,0.08,2016-01-01T00:00:00.000+01:00,Renovable,Canarias,8742,2016-01-01
0,8042678.91,0.92,2016-01-01T00:00:00.000+01:00,No renovable,Canarias,8742,2016-01-01
0,1404733.54,0.36,2016-01-01T00:00:00.000+01:00,Renovable,Región de Murcia,21,2016-01-01
0,2521181.52,0.64,2016-01-01T00:00:00.000+01:00,No renovable,Región de Murcia,21,2016-01-01
0,1226472.46,0.53,2016-01-01T00:00:00.000+01:00,Renovable,La Rioja,20,2016-01-01
0,1067778.45,0.47,2016-01-01T00:00:00.000+01:00,No renovable,La Rioja,20,2016-01-01
0,202860.83,1.0,2017-01-01T00:00:00.000+01:00,No renovable,Ceuta,8744,2017-01-01
0,5053.85,0.02,2017-01-01T00:00:00.000+01:00,Renovable,Melilla,8745,2017-01-01
0,205371.22,0.98,2017-01-01T00:00:00.000+01:00,No renovable,Melilla,8745,2017-01-01
0,13034447.98,0.35,2017-01-01T00:00:00.000+01:00,Renovable,Andalucía,4,2017-01-01
0,23958572.17,0.65,2017-01-01T00:00:00.000+01:00,No renovable,Andalucía,4,2017-01-01
0,7462986.58,0.45,2017-01-01T00:00:00.000+01:00,Renovable,Aragón,5,2017-01-01
0,9271154.27,0.55,2017-01-01T00:00:00.000+01:00,No renovable,Aragón,5,2017-01-01
0,362846.89,0.18,2017-01-01T00:00:00.000+01:00,Renovable,Cantabria,6,2017-01-01
0,1602209.39,0.82,2017-01-01T00:00:00.000+01:00,No renovable,Cantabria,6,2017-01-01
0,10670273.1,0.5,2017-01-01T00:00:00.000+01:00,Renovable,Castilla - La Mancha,7,2017-01-01
0,10758959.08,0.5,2017-01-01T00:00:00.000+01:00,No renovable,Castilla - La Mancha,7,2017-01-01
0,16330597.61,0.64,2017-01-01T00:00:00.000+01:00,Renovable,Castilla y León,8,2017-01-01
0,9005329.37,0.36,2017-01-01T00:00:00.000+01:00,No renovable,Castilla y León,8,2017-01-01
0,7359629.85,0.16,2017-01-01T00:00:00.000+01:00,Renovable,Cataluña,9,2017-01-01
0,37446528.89,0.84,2017-01-01T00:00:00.000+01:00,No renovable,Cataluña,9,2017-01-01
0,998456.06,0.17,2017-01-01T00:00:00.000+01:00,Renovable,País Vasco,10,2017-01-01
0,4797551.28,0.83,2017-01-01T00:00:00.000+01:00,No renovable,País Vasco,10,2017-01-01
0,2174947.19,0.15,2017-01-01T00:00:00.000+01:00,Renovable,Principado de Asturias,11,2017-01-01
0,11910732.8,0.85,2017-01-01T00:00:00.000+01:00,No renovable,Principado de Asturias,11,2017-01-01
0,451642.91,0.37,2017-01-01T00:00:00.000+01:00,Renovable,Comunidad de Madrid,13,2017-01-01
0,774949.26,0.63,2017-01-01T00:00:00.000+01:00,No renovable,Comunidad de Madrid,13,2017-01-01
0,3585189.72,0.61,2017-01-01T00:00:00.000+01:00,Renovable,Comunidad Foral de Navarra,14,2017-01-01
0,2301204.09,0.39,2017-01-01T00:00:00.000+01:00,No renovable,Comunidad Foral de Navarra,14,2017-01-01
0,3224920.62,0.19,2017-01-01T00:00:00.000+01:00,Renovable,Comunitat Valenciana,15,2017-01-01
0,13836014.21,0.81,2017-01-01T00:00:00.000+01:00,No renovable,Comunitat Valenciana,15,2017-01-01
0,4764185.59,0.23,2017-01-01T00:00:00.000+01:00,Renovable,Extremadura,16,2017-01-01
0,16407459.17,0.77,2017-01-01T00:00:00.000+01:00,No renovable,Extremadura,16,2017-01-01
0,10619050.78,0.41,2017-01-01T00:00:00.000+01:00,Renovable,Galicia,17,2017-01-01
0,15582039.71,0.59,2017-01-01T00:00:00.000+01:00,No renovable,Galicia,17,2017-01-01
0,271766.68,0.06,2017-01-01T00:00:00.000+01:00,Renovable,Illes Balears,8743,2017-01-01
0,4565342.69,0.94,2017-01-01T00:00:00.000+01:00,No renovable,Illes Balears,8743,2017-01-01
0,702622.29,0.08,2017-01-01T00:00:00.000+01:00,Renovable,Canarias,8742,2017-01-01
0,8228440.73,0.92,2017-01-01T00:00:00.000+01:00,No renovable,Canarias,8742,2017-01-01
0,1380801.0,0.21,2017-01-01T00:00:00.000+01:00,Renovable,Región de Murcia,21,2017-01-01
0,5088359.61,0.79,2017-01-01T00:00:00.000+01:00,No renovable,Región de Murcia,21,2017-01-01
0,1211447.79,0.41,2017-01-01T00:00:00.000+01:00,Renovable,La Rioja,20,2017-01-01
0,1751812.82,0.59,2017-01-01T00:00:00.000+01:00,No renovable,La Rioja,20,2017-01-01
0,207356.22,1.0,2018-01-01T00:00:00.000+01:00,No renovable,Ceuta,8744,2018-01-01
0,5421.45,0.03,2018-01-01T00:00:00.000+01:00,Renovable,Melilla,8745,2018-01-01
0,207527.61,0.97,2018-01-01T00:00:00.000+01:00,No renovable,Melilla,8745,2018-01-01
0,11753164.0,0.34,2018-01-01T00:00:00.000+01:00,Renovable,Andalucía,4,2018-01-01
0,22513209.77,0.66,2018-01-01T00:00:00.000+01:00,No renovable,Andalucía,4,2018-01-01
0,8564998.61,0.56,2018-01-01T00:00:00.000+01:00,Renovable,Aragón,5,2018-01-01
0,6632646.31,0.44,2018-01-01T00:00:00.000+01:00,No renovable,Aragón,5,2018-01-01
0,505898.91,0.23,2018-01-01T00:00:00.000+01:00,Renovable,Cantabria,6,2018-01-01
0,1707748.36,0.77,2018-01-01T00:00:00.000+01:00,No renovable,Cantabria,6,2018-01-01
0,11346027.33,0.52,2018-01-01T00:00:00.000+01:00,Renovable,Castilla - La Mancha,7,2018-01-01
0,10330675.92,0.48,2018-01-01T00:00:00.000+01:00,No renovable,Castilla - La Mancha,7,2018-01-01
0,20594544.96,0.77,2018-01-01T00:00:00.000+01:00,Renovable,Castilla y León,8,2018-01-01
0,6188315.86,0.23,2018-01-01T00:00:00.000+01:00,No renovable,Castilla y León,8,2018-01-01
0,8840418.03,0.21,2018-01-01T00:00:00.000+01:00,Renovable,Cataluña,9,2018-01-01
0,33633544.25,0.79,2018-01-01T00:00:00.000+01:00,No renovable,Cataluña,9,2018-01-01
0,1175805.38,0.23,2018-01-01T00:00:00.000+01:00,Renovable,País Vasco,10,2018-01-01
0,3965929.98,0.77,2018-01-01T00:00:00.000+01:00,No renovable,País Vasco,10,2018-01-01
0,3599365.2,0.28,2018-01-01T00:00:00.000+01:00,Renovable,Principado de Asturias,11,2018-01-01
0,9204544.03,0.72,2018-01-01T00:00:00.000+01:00,No renovable,Principado de Asturias,11,2018-01-01
0,441163.98,0.35,2018-01-01T00:00:00.000+01:00,Renovable,Comunidad de Madrid,13,2018-01-01
0,810145.07,0.65,2018-01-01T00:00:00.000+01:00,No renovable,Comunidad de Madrid,13,2018-01-01
0,3612724.23,0.7,2018-01-01T00:00:00.000+01:00,Renovable,Comunidad Foral de Navarra,14,2018-01-01
0,1570441.5,0.3,2018-01-01T00:00:00.000+01:00,No renovable,Comunidad Foral de Navarra,14,2018-01-01
0,3533900.95,0.18,2018-01-01T00:00:00.000+01:00,Renovable,Comunitat Valenciana,15,2018-01-01
0,15589516.04,0.82,2018-01-01T00:00:00.000+01:00,No renovable,Comunitat Valenciana,15,2018-01-01
0,5203502.44,0.25,2018-01-01T00:00:00.000+01:00,Renovable,Extremadura,16,2018-01-01
0,15778421.5,0.75,2018-01-01T00:00:00.000+01:00,No renovable,Extremadura,16,2018-01-01
0,17362169.7,0.55,2018-01-01T00:00:00.000+01:00,Renovable,Galicia,17,2018-01-01
0,13953098.54,0.45,2018-01-01T00:00:00.000+01:00,No renovable,Galicia,17,2018-01-01
0,254331.05,0.05,2018-01-01T00:00:00.000+01:00,Renovable,Illes Balears,8743,2018-01-01
0,4569719.1,0.95,2018-01-01T00:00:00.000+01:00,No renovable,Illes Balears,8743,2018-01-01
0,929965.55,0.11,2018-01-01T00:00:00.000+01:00,Renovable,Canarias,8742,2018-01-01
0,7911681.6,0.89,2018-01-01T00:00:00.000+01:00,No renovable,Canarias,8742,2018-01-01
0,1405912.42,0.23,2018-01-01T00:00:00.000+01:00,Renovable,Región de Murcia,21,2018-01-01
0,4684761.05,0.77,2018-01-01T00:00:00.000+01:00,No renovable,Región de Murcia,21,2018-01-01
0,1215091.03,0.51,2018-01-01T00:00:00.000+01:00,Renovable,La Rioja,20,2018-01-01
0,1178214.1,0.49,2018-01-01T00:00:00.000+01:00,No renovable,La Rioja,20,2018-01-01
0,206048.24,1.0,2019-01-01T00:00:00.000+01:00,No renovable,Ceuta,8744,2019-01-01
0,5477.37,0.03,2019-01-01T00:00:00.000+01:00,Renovable,Melilla,8745,2019-01-01
0,205427.25,0.97,2019-01-01T00:00:00.000+01:00,No renovable,Melilla,8745,2019-01-01
0,12889964.07,0.38,2019-01-01T00:00:00.000+01:00,Renovable,Andalucía,4,2019-01-01
0,21124764.25,0.62,2019-01-01T00:00:00.000+01:00,No renovable,Andalucía,4,2019-01-01
0,8293141.61,0.54,2019-01-01T00:00:00.000+01:00,Renovable,Aragón,5,2019-01-01
0,7058639.43,0.46,2019-01-01T00:00:00.000+01:00,No renovable,Aragón,5,2019-01-01
0,415715.89,0.18,2019-01-01T00:00:00.000+01:00,Renovable,Cantabria,6,2019-01-01
0,1881662.21,0.82,2019-01-01T00:00:00.000+01:00,No renovable,Cantabria,6,2019-01-01
0,12114941.47,0.53,2019-01-01T00:00:00.000+01:00,Renovable,Castilla - La Mancha,7,2019-01-01
0,10734469.06,0.47,2019-01-01T00:00:00.000+01:00,No renovable,Castilla - La Mancha,7,2019-01-01
0,19087218.12,0.85,2019-01-01T00:00:00.000+01:00,Renovable,Castilla y León,8,2019-01-01
0,3315451.47,0.15,2019-01-01T00:00:00.000+01:00,No renovable,Castilla y León,8,2019-01-01
0,7261328.09,0.16,2019-01-01T00:00:00.000+01:00,Renovable,Cataluña,9,2019-01-01
0,37945634.7,0.84,2019-01-01T00:00:00.000+01:00,No renovable,Cataluña,9,2019-01-01
0,1116827.18,0.14,2019-01-01T00:00:00.000+01:00,Renovable,País Vasco,10,2019-01-01
0,7113556.66,0.86,2019-01-01T00:00:00.000+01:00,No renovable,País Vasco,10,2019-01-01
0,3358243.54,0.33,2019-01-01T00:00:00.000+01:00,Renovable,Principado de Asturias,11,2019-01-01
0,6761202.85,0.67,2019-01-01T00:00:00.000+01:00,No renovable,Principado de Asturias,11,2019-01-01
0,434543.16,0.32,2019-01-01T00:00:00.000+01:00,Renovable,Comunidad de Madrid,13,2019-01-01
0,927486.7,0.68,2019-01-01T00:00:00.000+01:00,No renovable,Comunidad de Madrid,13,2019-01-01
0,3511513.71,0.47,2019-01-01T00:00:00.000+01:00,Renovable,Comunidad Foral de Navarra,14,2019-01-01
0,3957966.97,0.53,2019-01-01T00:00:00.000+01:00,No renovable,Comunidad Foral de Navarra,14,2019-01-01
0,3677525.8,0.19,2019-01-01T00:00:00.000+01:00,Renovable,Comunitat Valenciana,15,2019-01-01
0,15191368.3,0.81,2019-01-01T00:00:00.000+01:00,No renovable,Comunitat Valenciana,15,2019-01-01
0,4658269.64,0.22,2019-01-01T00:00:00.000+01:00,Renovable,Extremadura,16,2019-01-01
0,16374086.12,0.78,2019-01-01T00:00:00.000+01:00,No renovable,Extremadura,16,2019-01-01
0,16206107.19,0.65,2019-01-01T00:00:00.000+01:00,Renovable,Galicia,17,2019-01-01
0,8649706.2,0.35,2019-01-01T00:00:00.000+01:00,No renovable,Galicia,17,2019-01-01
0,273732.48,0.06,2019-01-01T00:00:00.000+01:00,Renovable,Illes Balears,8743,2019-01-01
0,4146652.77,0.94,2019-01-01T00:00:00.000+01:00,No renovable,Illes Balears,8743,2019-01-01
0,1453568.48,0.16,2019-01-01T00:00:00.000+01:00,Renovable,Canarias,8742,2019-01-01
0,7421409.65,0.84,2019-01-01T00:00:00.000+01:00,No renovable,Canarias,8742,2019-01-01
0,1880735.68,0.18,2019-01-01T00:00:00.000+01:00,Renovable,Región de Murcia,21,2019-01-01
0,8591748.67,0.82,2019-01-01T00:00:00.000+01:00,No renovable,Región de Murcia,21,2019-01-01
0,1274445.4,0.49,2019-01-01T00:00:00.000+01:00,Renovable,La Rioja,20,2019-01-01
0,1308256.18,0.51,2019-01-01T00:00:00.000+01:00,No renovable,La Rioja,20,2019-01-01
0,199198.1,1.0,2020-01-01T00:00:00.000+01:00,No renovable,Ceuta,8744,2020-01-01
0,5602.26,0.03,2020-01-01T00:00:00.000+01:00,Renovable,Melilla,8745,2020-01-01
0,202408.0,0.97,2020-01-01T00:00:00.000+01:00,No renovable,Melilla,8745,2020-01-01
0,14403033.42,0.51,2020-01-01T00:00:00.000+01:00,Renovable,Andalucía,4,2020-01-01
0,13582145.02,0.49,2020-01-01T00:00:00.000+01:00,No renovable,Andalucía,4,2020-01-01
0,12333359.5,0.68,2020-01-01T00:00:00.000+01:00,Renovable,Aragón,5,2020-01-01
0,5718905.79,0.32,2020-01-01T00:00:00.000+01:00,No renovable,Aragón,5,2020-01-01
0,377649.88,0.23,2020-01-01T00:00:00.000+01:00,Renovable,Cantabria,6,2020-01-01
0,1248386.13,0.77,2020-01-01T00:00:00.000+01:00,No renovable,Cantabria,6,2020-01-01
0,12029884.37,0.52,2020-01-01T00:00:00.000+01:00,Renovable,Castilla - La Mancha,7,2020-01-01
0,10915247.18,0.48,2020-01-01T00:00:00.000+01:00,No renovable,Castilla - La Mancha,7,2020-01-01
0,22146713.26,0.87,2020-01-01T00:00:00.000+01:00,Renovable,Castilla y León,8,2020-01-01
0,3301986.42,0.13,2020-01-01T00:00:00.000+01:00,No renovable,Castilla y León,8,2020-01-01
0,8398714.24,0.2,2020-01-01T00:00:00.000+01:00,Renovable,Cataluña,9,2020-01-01
0,34559573.2,0.8,2020-01-01T00:00:00.000+01:00,No renovable,Cataluña,9,2020-01-01
0,1000041.69,0.16,2020-01-01T00:00:00.000+01:00,Renovable,País Vasco,10,2020-01-01
0,5171610.55,0.84,2020-01-01T00:00:00.000+01:00,No renovable,País Vasco,10,2020-01-01
0,2917526.06,0.31,2020-01-01T00:00:00.000+01:00,Renovable,Principado de Asturias,11,2020-01-01
0,6424868.74,0.69,2020-01-01T00:00:00.000+01:00,No renovable,Principado de Asturias,11,2020-01-01
0,466627.77,0.36,2020-01-01T00:00:00.000+01:00,Renovable,Comunidad de Madrid,13,2020-01-01
0,823845.43,0.64,2020-01-01T00:00:00.000+01:00,No renovable,Comunidad de Madrid,13,2020-01-01
0,3503501.39,0.53,2020-01-01T00:00:00.000+01:00,Renovable,Comunidad Foral de Navarra,14,2020-01-01
0,3109765.41,0.47,2020-01-01T00:00:00.000+01:00,No renovable,Comunidad Foral de Navarra,14,2020-01-01
0,3281179.0,0.17,2020-01-01T00:00:00.000+01:00,Renovable,Comunitat Valenciana,15,2020-01-01
0,15837829.38,0.83,2020-01-01T00:00:00.000+01:00,No renovable,Comunitat Valenciana,15,2020-01-01
0,6015278.79,0.28,2020-01-01T00:00:00.000+01:00,Renovable,Extremadura,16,2020-01-01
0,15339554.87,0.72,2020-01-01T00:00:00.000+01:00,No renovable,Extremadura,16,2020-01-01
0,18556765.0,0.76,2020-01-01T00:00:00.000+01:00,Renovable,Galicia,17,2020-01-01
0,5998976.64,0.24,2020-01-01T00:00:00.000+01:00,No renovable,Galicia,17,2020-01-01
0,236739.26,0.07,2020-01-01T00:00:00.000+01:00,Renovable,Illes Balears,8743,2020-01-01
0,3278447.96,0.93,2020-01-01T00:00:00.000+01:00,No renovable,Illes Balears,8743,2020-01-01
0,1391621.16,0.18,2020-01-01T00:00:00.000+01:00,Renovable,Canarias,8742,2020-01-01
0,6555047.26,0.82,2020-01-01T00:00:00.000+01:00,No renovable,Canarias,8742,2020-01-01
0,2460357.14,0.24,2020-01-01T00:00:00.000+01:00,Renovable,Región de Murcia,21,2020-01-01
0,7814341.14,0.76,2020-01-01T00:00:00.000+01:00,No renovable,Región de Murcia,21,2020-01-01
0,1080604.14,0.6,2020-01-01T00:00:00.000+01:00,Renovable,La Rioja,20,2020-01-01
0,711414.53,0.4,2020-01-01T00:00:00.000+01:00,No renovable,La Rioja,20,2020-01-01
0,196885.85,1.0,2021-01-01T00:00:00.000+01:00,No renovable,Ceuta,8744,2021-01-01
0,6208.92,0.03,2021-01-01T00:00:00.000+01:00,Renovable,Melilla,8745,2021-01-01
0,199169.27,0.97,2021-01-01T00:00:00.000+01:00,No renovable,Melilla,8745,2021-01-01
0,16019495.87,0.55,2021-01-01T00:00:00.000+01:00,Renovable,Andalucía,4,2021-01-01
0,13319166.31,0.45,2021-01-01T00:00:00.000+01:00,No renovable,Andalucía,4,2021-01-01
0,15136165.85,0.78,2021-01-01T00:00:00.000+01:00,Renovable,Aragón,5,2021-01-01
0,4342064.39,0.22,2021-01-01T00:00:00.000+01:00,No renovable,Aragón,5,2021-01-01
0,411721.49,0.24,2021-01-01T00:00:00.000+01:00,Renovable,Cantabria,6,2021-01-01
0,1281531.79,0.76,2021-01-01T00:00:00.000+01:00,No renovable,Cantabria,6,2021-01-01
0,13404276.65,0.58,2021-01-01T00:00:00.000+01:00,Renovable,Castilla - La Mancha,7,2021-01-01
0,9727166.76,0.42,2021-01-01T00:00:00.000+01:00,No renovable,Castilla - La Mancha,7,2021-01-01
0,24075862.83,0.89,2021-01-01T00:00:00.000+01:00,Renovable,Castilla y León,8,2021-01-01
0,2949714.34,0.11,2021-01-01T00:00:00.000+01:00,No renovable,Castilla y León,8,2021-01-01
0,6777598.08,0.17,2021-01-01T00:00:00.000+01:00,Renovable,Cataluña,9,2021-01-01
0,33099380.49,0.83,2021-01-01T00:00:00.000+01:00,No renovable,Cataluña,9,2021-01-01
0,1141020.82,0.17,2021-01-01T00:00:00.000+01:00,Renovable,País Vasco,10,2021-01-01
0,5679696.74,0.83,2021-01-01T00:00:00.000+01:00,No renovable,País Vasco,10,2021-01-01
0,3242081.7,0.29,2021-01-01T00:00:00.000+01:00,Renovable,Principado de Asturias,11,2021-01-01
0,8041522.94,0.71,2021-01-01T00:00:00.000+01:00,No renovable,Principado de Asturias,11,2021-01-01
0,495545.61,0.37,2021-01-01T00:00:00.000+01:00,Renovable,Comunidad de Madrid,13,2021-01-01
0,838558.34,0.63,2021-01-01T00:00:00.000+01:00,No renovable,Comunidad de Madrid,13,2021-01-01
0,4273559.77,0.49,2021-01-01T00:00:00.000+01:00,Renovable,Comunidad Foral de Navarra,14,2021-01-01
0,4407522.28,0.51,2021-01-01T00:00:00.000+01:00,No renovable,Comunidad Foral de Navarra,14,2021-01-01
0,3371188.38,0.19,2021-01-01T00:00:00.000+01:00,Renovable,Comunitat Valenciana,15,2021-01-01
0,14555020.86,0.81,2021-01-01T00:00:00.000+01:00,No renovable,Comunitat Valenciana,15,2021-01-01
0,9385224.2,0.38,2021-01-01T00:00:00.000+01:00,Renovable,Extremadura,16,2021-01-01
0,15302102.56,0.62,2021-01-01T00:00:00.000+01:00,No renovable,Extremadura,16,2021-01-01
0,17979661.8,0.74,2021-01-01T00:00:00.000+01:00,Renovable,Galicia,17,2021-01-01
0,6232617.03,0.26,2021-01-01T00:00:00.000+01:00,No renovable,Galicia,17,2021-01-01
0,313171.72,0.07,2021-01-01T00:00:00.000+01:00,Renovable,Illes Balears,8743,2021-01-01
0,4324882.28,0.93,2021-01-01T00:00:00.000+01:00,No renovable,Illes Balears,8743,2021-01-01
0,1615319.29,0.2,2021-01-01T00:00:00.000+01:00,Renovable,Canarias,8742,2021-01-01
0,6454252.22,0.8,2021-01-01T00:00:00.000+01:00,No renovable,Canarias,8742,2021-01-01
0,2612050.26,0.28,2021-01-01T00:00:00.000+01:00,Renovable,Región de Murcia,21,2021-01-01
0,6637496.84,0.72,2021-01-01T00:00:00.000+01:00,No renovable,Región de Murcia,21,2021-01-01
0,1198991.66,0.55,2021-01-01T00:00:00.000+01:00,Renovable,La Rioja,20,2021-01-01
0,962773.75,0.45,2021-01-01T00:00:00.000+01:00,No renovable,La Rioja,20,2021-01-01
0,195399.31,1.0,2022-01-01T00:00:00.000+01:00,No renovable,Ceuta,8744,2022-01-01
0,5919.55,0.03,2022-01-01T00:00:00.000+01:00,Renovable,Melilla,8745,2022-01-01
0,190520.97,0.97,2022-01-01T00:00:00.000+01:00,No renovable,Melilla,8745,2022-01-01
0,16680251.6,0.46,2022-01-01T00:00:00.000+01:00,Renovable,Andalucía,4,2022-01-01
0,19670896.95,0.54,2022-01-01T00:00:00.000+01:00,No renovable,Andalucía,4,2022-01-01
0,15297838.15,0.75,2022-01-01T00:00:00.000+01:00,Renovable,Aragón,5,2022-01-01
0,5089732.51,0.25,2022-01-01T00:00:00.000+01:00,No renovable,Aragón,5,2022-01-01
0,358331.47,0.24,2022-01-01T00:00:00.000+01:00,Renovable,Cantabria,6,2022-01-01
0,1125905.51,0.76,2022-01-01T00:00:00.000+01:00,No renovable,Cantabria,6,2022-01-01
0,15775993.24,0.62,2022-01-01T00:00:00.000+01:00,Renovable,Castilla - La Mancha,7,2022-01-01
0,9730416.02,0.38,2022-01-01T00:00:00.000+01:00,No renovable,Castilla - La Mancha,7,2022-01-01
0,20744220.05,0.9,2022-01-01T00:00:00.000+01:00,Renovable,Castilla y León,8,2022-01-01
0,2385047.55,0.1,2022-01-01T00:00:00.000+01:00,No renovable,Castilla y León,8,2022-01-01
0,5912894.06,0.14,2022-01-01T00:00:00.000+01:00,Renovable,Cataluña,9,2022-01-01
0,35732397.36,0.86,2022-01-01T00:00:00.000+01:00,No renovable,Cataluña,9,2022-01-01
0,1050621.89,0.11,2022-01-01T00:00:00.000+01:00,Renovable,País Vasco,10,2022-01-01
0,8324223.17,0.89,2022-01-01T00:00:00.000+01:00,No renovable,País Vasco,10,2022-01-01
0,2569518.87,0.21,2022-01-01T00:00:00.000+01:00,Renovable,Principado de Asturias,11,2022-01-01
0,9802881.76,0.79,2022-01-01T00:00:00.000+01:00,No renovable,Principado de Asturias,11,2022-01-01
0,396578.43,0.42,2022-01-01T00:00:00.000+01:00,Renovable,Comunidad de Madrid,13,2022-01-01
0,541271.02,0.58,2022-01-01T00:00:00.000+01:00,No renovable,Comunidad de Madrid,13,2022-01-01
0,4177364.3,0.45,2022-01-01T00:00:00.000+01:00,Renovable,Comunidad Foral de Navarra,14,2022-01-01
0,5014117.53,0.55,2022-01-01T00:00:00.000+01:00,No renovable,Comunidad Foral de Navarra,14,2022-01-01
0,3030743.03,0.16,2022-01-01T00:00:00.000+01:00,Renovable,Comunitat Valenciana,15,2022-01-01
0,15906326.57,0.84,2022-01-01T00:00:00.000+01:00,No renovable,Comunitat Valenciana,15,2022-01-01
0,10159330.39,0.39,2022-01-01T00:00:00.000+01:00,Renovable,Extremadura,16,2022-01-01
0,16087647.97,0.61,2022-01-01T00:00:00.000+01:00,No renovable,Extremadura,16,2022-01-01
0,14524646.26,0.65,2022-01-01T00:00:00.000+01:00,Renovable,Galicia,17,2022-01-01
0,7891030.21,0.35,2022-01-01T00:00:00.000+01:00,No renovable,Galicia,17,2022-01-01
0,404149.81,0.07,2022-01-01T00:00:00.000+01:00,Renovable,Illes Balears,8743,2022-01-01
0,5032875.61,0.93,2022-01-01T00:00:00.000+01:00,No renovable,Illes Balears,8743,2022-01-01
0,1717597.28,0.2,2022-01-01T00:00:00.000+01:00,Renovable,Canarias,8742,2022-01-01
0,6813411.8,0.8,2022-01-01T00:00:00.000+01:00,No renovable,Canarias,8742,2022-01-01
0,2670445.81,0.23,2022-01-01T00:00:00.000+01:00,Renovable,Región de Murcia,21,2022-01-01
0,8982495.46,0.77,2022-01-01T00:00:00.000+01:00,No renovable,Región de Murcia,21,2022-01-01
0,1106679.16,0.48,2022-01-01T00:00:00.000+01:00,Renovable,La Rioja,20,2022-01-01
0,1214444.16,0.52,2022-01-01T00:00:00.000+01:00,No renovable,La Rioja,20,2022-01-01
